,var_cedula_per,var_especialidad_ing
0,445006337,Química
1,1773488835,Mecánica
2,916661348,Electrónica
3,221233654,Aeroespacial
4,285946442,Mecánica
5,2467225654,Aeroespacial
6,2402181943,Telecomunicaciones
7,1679675850,Mecánica
8,2441725332,Informática
9,620677692,Informática
10,853805556,Electrónica
11,373771723,Aeroespacial
12,2487454822,Telecomunicaciones
13,286513171,Informática
14,2401952576,Informática
15,1077861199,Informática
16,381474118,Química
17,2313828667,Informática
18,1541003735,Electrónica
19,2273290400,Electrónica
20,888969435,Química
21,1864072627,Aeroespacial
22,1471304968,Informática
23,288099631,Informática
24,692761306,Aeroespacial
25,1801326030,Informática
26,1839199889,Química
27,1727341716,Mecánica
28,468978914,Química
29,228573348,Telecomunicaciones
30,1794304811,Telecomunicaciones
31,631000669,Química
32,1121218881,Telecomunicaciones
33,679555258,Informática
34,1752486298,Telecomunicaciones
35,1570444985,Electrónica
36,1496406270,Química
37,1013763951,Electrónica
38,443224628,Electrónica
39,257430415,Mecánica
40,2319271962,Aeroespacial
41,1545376920,Mecánica
42,810636897,Aeroespacial
43,2130546445,Mecánica
44,590440983,Química
45,299683491,Telecomunicaciones
46,2255552638,Telecomunicaciones
47,256943930,Electrónica
48,1822748330,Informática
49,1401097109,Aeroespacial
50,2078223255,Informática
51,566902920,Mecánica
52,153847991,Electrónica
53,776168813,Informática
54,709007966,Informática
55,138202170,Telecomunicaciones
56,2090642701,Aeroespacial
57,1973237016,Mecánica
58,2145902972,Mecánica
59,1154731715,Telecomunicaciones
60,195760985,Aeroespacial
61,401962456,Aeroespacial
62,1999168261,Telecomunicaciones
63,1671064109,Aeroespacial
64,1172828247,Electrónica
65,571280811,Mecánica
66,1914275511,Informática
67,618134343,Aeroespacial
68,2225461774,Informática
69,1148486979,Informática
70,274245036,Mecánica
71,1987544879,Mecánica
72,2187945133,Mecánica
73,1413197690,Informática
74,1529950585,Telecomunicaciones
75,1434092684,Química
76,1988780707,Telecomunicaciones
77,1379687967,Aeroespacial
78,2074791349,Electrónica
79,814226950,Informática
80,239362254,Química
81,1977330706,Informática
82,467658007,Telecomunicaciones
83,1737982492,Mecánica
84,1952077824,Aeroespacial
85,817343448,Aeroespacial
86,1646713456,Aeroespacial
87,516945291,Telecomunicaciones
88,1143104050,Aeroespacial
89,2305527697,Química
90,360791261,Telecomunicaciones
91,1764693577,Aeroespacial
92,659742679,Electrónica
93,2043775655,Telecomunicaciones
94,2138247279,Mecánica
95,386523129,Química
96,2055428286,Química
97,1586525617,Telecomunicaciones
98,481517945,Electrónica
99,2308741970,Mecánica
100,734541878,Aeroespacial
101,591952837,Aeroespacial
102,341536108,Aeroespacial
103,2433122504,Informática
104,1843851224,Informática
105,1968812333,Electrónica
106,1544483073,Electrónica
107,2028347581,Informática
108,2455707042,Aeroespacial
109,304835999,Informática
110,787947709,Electrónica
111,1399089863,Telecomunicaciones
112,354941503,Electrónica
113,759495790,Mecánica
114,1523078129,Aeroespacial
115,1321394198,Aeroespacial
116,2400508263,Química
117,306901159,Química
118,2160747149,Mecánica
119,1133468488,Informática
120,299962237,Telecomunicaciones
121,200231716,Telecomunicaciones
122,1859082280,Aeroespacial
123,1809590719,Informática
124,1959939186,Telecomunicaciones
125,882318316,Telecomunicaciones
126,1238897598,Mecánica
127,1004106652,Química
128,2244933012,Informática
129,2298964906,Telecomunicaciones
130,1697534490,Electrónica
131,1586633976,Electrónica
132,846012804,Informática
133,877757284,Informática
134,2269719836,Informática
135,2115788081,Informática
136,1652549873,Electrónica
137,1592188759,Electrónica
138,498213225,Química
139,978094373,Mecánica
140,606889760,Mecánica
141,594428643,Informática
142,1643715446,Telecomunicaciones
143,2364184441,Mecánica
144,1471924391,Informática
145,284674607,Informática
146,2189359571,Química
147,2261836382,Aeroespacial
148,1752896346,Electrónica
149,1637561190,Informática
150,2238017770,Electrónica
151,286756307,Electrónica
152,2397660519,Química
153,758014218,Informática
154,1503165154,Aeroespacial
155,562059993,Mecánica
156,1374111699,Informática
157,1184634074,Aeroespacial
158,2243414920,Telecomunicaciones
159,1092407728,Aeroespacial
160,702010477,Aeroespacial
161,1656286165,Química
162,141714362,Aeroespacial
163,2395251466,Informática
164,221193342,Electrónica
165,214222337,Informática
166,686811398,Electrónica
167,2325438895,Informática
168,440312966,Informática
169,2413025796,Electrónica
170,1177315495,Química
171,1344843159,Telecomunicaciones
172,407040659,Telecomunicaciones
173,1668327284,Telecomunicaciones
174,2359891310,Aeroespacial
175,2064649331,Electrónica
176,1136008263,Aeroespacial
177,364277977,Informática
178,2099981643,Mecánica
179,1862257097,Electrónica
180,2447158765,Química
181,1370153329,Telecomunicaciones
182,2434121671,Química
183,834597996,Informática
184,2126380271,Mecánica
185,139974049,Química
186,2374507778,Telecomunicaciones
187,1390497207,Telecomunicaciones
188,1444872700,Electrónica
189,670966026,Química
190,2187757239,Informática
191,959251390,Química
192,721816342,Mecánica
193,634977752,Electrónica
194,374701873,Electrónica
195,530831054,Telecomunicaciones
196,2109452008,Mecánica
197,903207042,Telecomunicaciones
198,1615001967,Aeroespacial
199,1301606141,Mecánica
200,1445310184,Mecánica
201,857703670,Aeroespacial
202,1058990484,Informática
203,1497119730,Aeroespacial
204,1796740200,Electrónica
205,490157210,Telecomunicaciones
206,1366457312,Electrónica
207,1404359285,Química
208,601004575,Electrónica
209,152301251,Aeroespacial
210,1100709120,Informática
211,1701251574,Mecánica
212,354596582,Electrónica
213,134393906,Química
214,768506380,Mecánica
215,1921368826,Telecomunicaciones
216,986116733,Química
217,1793576328,Química
218,1769854800,Electrónica
219,2476034058,Mecánica
220,1997926830,Aeroespacial
221,669655567,Química
222,2186145910,Aeroespacial
223,772696727,Química
224,1326414821,Informática
225,533993457,Electrónica
226,1437296633,Electrónica
227,1074934832,Mecánica
228,222928105,Química
229,1494000018,Aeroespacial
230,2254385511,Química
231,445424426,Telecomunicaciones
232,2195842842,Aeroespacial
233,478829936,Telecomunicaciones
234,474589506,Electrónica
235,1149735992,Aeroespacial
236,1015441594,Química
237,307597520,Telecomunicaciones
238,2400650598,Telecomunicaciones
239,445768935,Informática
240,454977278,Informática
241,650730972,Telecomunicaciones
242,1228103084,Aeroespacial
243,621819501,Química
244,1670497983,Telecomunicaciones
245,1497061694,Informática
246,1590972478,Mecánica
247,1297864914,Electrónica
248,435602042,Química
249,2171367787,Mecánica
250,931774775,Aeroespacial
251,164433632,Mecánica
252,616486854,Electrónica
253,2322397656,Telecomunicaciones
254,2242245094,Aeroespacial
255,250352855,Mecánica
256,518070771,Electrónica
257,1362241149,Informática
258,166469014,Informática
259,680971016,Informática
260,1514817695,Electrónica
261,2346812228,Telecomunicaciones
262,1303797261,Mecánica
263,1211136407,Mecánica
264,1163006305,Química
265,1803523527,Mecánica
266,1740118641,Informática
267,1878057232,Electrónica
268,1211867972,Informática
269,2323059173,Telecomunicaciones
270,1541164483,Informática
271,777450555,Mecánica
272,1286722617,Química
273,620439259,Electrónica
274,1193913326,Aeroespacial
275,731499481,Electrónica
276,2289977127,Química
277,1729040593,Mecánica
278,2312524477,Química
279,1329622298,Mecánica
280,899907921,Informática
281,2386845144,Química
282,1948362534,Química
283,1610059288,Electrónica
284,903824943,Telecomunicaciones
285,2334233441,Electrónica
286,334165160,Electrónica
287,1132924121,Aeroespacial
288,1104656228,Telecomunicaciones
289,1278212601,Mecánica
290,1816243032,Química
291,527621183,Química
292,886285374,Mecánica
293,2319358660,Química
294,614762486,Electrónica
295,291455572,Química
296,1046102703,Telecomunicaciones
297,1997920897,Electrónica
298,925037822,Electrónica
299,149944146,Telecomunicaciones
300,1779256371,Telecomunicaciones
301,1299403809,Mecánica
302,1736382982,Aeroespacial
303,1217399913,Informática
304,352958871,Telecomunicaciones
305,1028700880,Telecomunicaciones
306,825587200,Mecánica
307,743504530,Aeroespacial
308,655955716,Mecánica
309,1014821747,Informática
310,907163538,Mecánica
311,2439589380,Informática
312,2013994750,Electrónica
313,1524754066,Mecánica
314,1933624025,Electrónica
315,1112776509,Aeroespacial
316,104168528,Electrónica
317,2124593685,Informática
318,1300162677,Química
319,2090721302,Química
320,1633949457,Aeroespacial
321,1484914700,Informática
322,380839789,Electrónica
323,2003225300,Electrónica
324,2474534083,Química
325,1792180952,Telecomunicaciones
326,320072795,Aeroespacial
327,906389866,Electrónica
328,2125264615,Informática
329,956590590,Aeroespacial
330,1537797134,Telecomunicaciones
331,2443955797,Telecomunicaciones
332,1730024960,Electrónica
333,1239395185,Aeroespacial
334,610339513,Aeroespacial
335,1358257109,Mecánica
336,1268362908,Telecomunicaciones
337,1152887908,Aeroespacial
338,644643592,Electrónica
339,2266537146,Aeroespacial
340,1304300426,Mecánica
341,2027457758,Mecánica
342,1281214241,Química
343,258090480,Telecomunicaciones
344,2037886279,Electrónica
345,2061070359,Química
346,2026460423,Telecomunicaciones
347,1833895069,Mecánica
348,2354933002,Aeroespacial
349,1754684027,Informática
350,802531611,Aeroespacial
351,1798856910,Electrónica
352,468551246,Química
353,236101086,Aeroespacial
354,807223399,Química
355,1198859601,Química
356,1181275184,Aeroespacial
357,838506031,Aeroespacial
358,279465937,Electrónica
359,1378515205,Mecánica
360,693634320,Mecánica
361,951478651,Aeroespacial
362,961903886,Informática
363,694915171,Electrónica
364,376169411,Informática
365,2215379381,Electrónica
366,1042439221,Informática
367,2336526864,Telecomunicaciones
368,1803543125,Telecomunicaciones
369,977819676,Electrónica
370,1089587682,Aeroespacial
371,1786254734,Aeroespacial
372,1979525964,Informática
373,531463329,Aeroespacial
374,1018802729,Electrónica
375,1291970516,Telecomunicaciones
376,1255803256,Química
377,2079463030,Mecánica
378,2494352799,Aeroespacial
379,812542941,Telecomunicaciones
380,1284615214,Química
381,2344114612,Mecánica
382,2495112246,Química
383,1049036437,Telecomunicaciones
384,2480301905,Mecánica
385,1278524443,Telecomunicaciones
386,534388370,Telecomunicaciones
387,2480547360,Informática
388,1754182710,Química
389,1692972686,Electrónica
390,1265330499,Telecomunicaciones
391,877053884,Informática
392,269854310,Electrónica
393,1207241052,Informática
394,201292949,Telecomunicaciones
395,1104044875,Mecánica
396,1080591763,Informática
397,2162577694,Electrónica
398,1419418418,Aeroespacial
399,274032860,Electrónica
400,771762231,Química
401,2469899504,Electrónica
402,1183339249,Aeroespacial
403,512559249,Aeroespacial
404,854207884,Mecánica
405,2062683112,Química
406,2386832786,Aeroespacial
407,1435527487,Telecomunicaciones
408,2188603976,Electrónica
409,2184715511,Telecomunicaciones
410,1598977771,Telecomunicaciones
411,1342641999,Telecomunicaciones
412,673814449,Aeroespacial
413,1305702914,Mecánica
414,1906835102,Telecomunicaciones
415,1893206166,Telecomunicaciones
416,566317676,Telecomunicaciones
417,864391966,Química
418,562277690,Mecánica
419,2175121843,Aeroespacial
420,364477369,Aeroespacial
421,746945470,Electrónica
422,2432741418,Telecomunicaciones
423,1212508169,Telecomunicaciones
424,1305870016,Informática
425,1397220849,Mecánica
426,1895047007,Aeroespacial
427,1255026557,Telecomunicaciones
428,466143970,Informática
429,172817287,Informática
430,1352426752,Electrónica
431,144594324,Informática
432,1087986630,Mecánica
433,1491011313,Informática
434,1971809807,Química
435,1445597016,Mecánica
436,2017841160,Química
437,1623794491,Informática
438,324908137,Electrónica
439,1074877558,Informática
440,2462115952,Electrónica
441,1835380261,Química
442,1763138416,Telecomunicaciones
443,824440081,Telecomunicaciones
444,1170274003,Informática
445,2174983383,Electrónica
446,1867989693,Telecomunicaciones
447,1753556611,Mecánica
448,2164513928,Mecánica
449,2497146974,Electrónica
450,1970607798,Mecánica
451,1756202534,Informática
452,515239683,Química
453,924753439,Aeroespacial
454,2392950525,Electrónica
455,2462464266,Aeroespacial
456,1491790165,Mecánica
457,1070626670,Aeroespacial
458,1849504388,Mecánica
459,1339863313,Informática
460,1205709898,Electrónica
461,1206782623,Mecánica
462,157099407,Informática
463,2032154946,Química
464,1204782078,Telecomunicaciones
465,655451176,Electrónica
466,2284274541,Telecomunicaciones
467,1814401047,Electrónica
468,2014441988,Aeroespacial
469,2304472703,Mecánica
470,2085878408,Química
471,1647323181,Telecomunicaciones
472,209498659,Mecánica
473,642730529,Aeroespacial
474,2469621493,Telecomunicaciones
475,1143926943,Aeroespacial
476,1071663557,Telecomunicaciones
477,1975645927,Informática
478,709133278,Química
479,2495553246,Telecomunicaciones
480,2438145491,Aeroespacial
481,1706631040,Mecánica
482,1841781643,Mecánica
483,616851185,Mecánica
484,2048520665,Telecomunicaciones
485,461734227,Química
486,2145998302,Electrónica
487,1921720707,Aeroespacial
488,1704759478,Aeroespacial
489,229049692,Aeroespacial
490,2180622972,Aeroespacial
491,1770422850,Telecomunicaciones
492,1946482665,Telecomunicaciones
493,309243094,Mecánica
494,217475140,Telecomunicaciones
495,1944428119,Mecánica
496,2089977743,Mecánica
497,641028725,Mecánica
498,686265897,Aeroespacial
499,778509094,Telecomunicaciones
500,424590628,Mecánica
501,2032617129,Telecomunicaciones
502,456023185,Aeroespacial
503,1014286301,Mecánica
504,1945399151,Electrónica
505,852015372,Aeroespacial
506,496655663,Informática
507,265128951,Aeroespacial
508,327400862,Electrónica
509,2388520515,Aeroespacial
510,2299054207,Aeroespacial
511,247744753,Mecánica
512,722078756,Mecánica
513,1015271758,Mecánica
514,1474489796,Informática
515,2050290099,Electrónica
516,446671242,Mecánica
517,518056250,Aeroespacial
518,1086870295,Aeroespacial
519,236662251,Química
520,154859873,Informática
521,1941698453,Telecomunicaciones
522,1752431114,Mecánica
523,372298577,Química
524,347747767,Aeroespacial
525,2340452453,Electrónica
526,1108965652,Aeroespacial
527,148735815,Telecomunicaciones
528,379469285,Química
529,236530264,Informática
530,316958416,Química
531,112949486,Telecomunicaciones
532,1961098134,Telecomunicaciones
533,2034663699,Telecomunicaciones
534,655384485,Química
535,1877846050,Mecánica
536,968575316,Electrónica
537,119359054,Aeroespacial
538,1246182072,Telecomunicaciones
539,504127512,Mecánica
540,124897803,Mecánica
541,608603724,Aeroespacial
542,1408134115,Química
543,487012624,Aeroespacial
544,2101459079,Electrónica
545,1915001399,Química
546,2127336626,Mecánica
547,635458157,Informática
548,1609912920,Mecánica
549,908315311,Electrónica
550,1806557931,Química
551,1076567019,Telecomunicaciones
552,598039847,Mecánica
553,368392946,Química
554,324705441,Aeroespacial
555,678368159,Informática
556,1810323284,Informática
557,586558925,Informática
558,805804173,Química
559,254184164,Química
560,1914002679,Química
561,2279902329,Telecomunicaciones
562,454551518,Química
563,1907690844,Telecomunicaciones
564,649293967,Mecánica
565,2073508257,Telecomunicaciones
566,2308201333,Telecomunicaciones
567,266896448,Química
568,1766325284,Química
569,1842179673,Informática
570,519471085,Electrónica
571,607995711,Informática
572,2104408576,Aeroespacial
573,1228373246,Aeroespacial
574,503575849,Telecomunicaciones
575,1793418487,Informática
576,1483520113,Electrónica
577,383809440,Mecánica
578,1840281936,Aeroespacial
579,1773359765,Informática
580,734265389,Telecomunicaciones
581,2011046755,Telecomunicaciones
582,689654484,Mecánica
583,1132561930,Informática
584,804285561,Mecánica
585,1208139007,Telecomunicaciones
586,590885866,Aeroespacial
587,916563583,Mecánica
588,190681651,Aeroespacial
589,2222099862,Química
590,2372837940,Electrónica
591,157171351,Química
592,2488052043,Mecánica
593,380086661,Informática
594,2236651079,Informática
595,307296273,Telecomunicaciones
596,554824308,Aeroespacial
597,306323377,Telecomunicaciones
598,2065714898,Telecomunicaciones
599,464461749,Electrónica
600,2438593049,Telecomunicaciones
601,1338402535,Química
602,2274212982,Informática
603,745612970,Informática
604,935936672,Electrónica
605,1163642769,Aeroespacial
606,2112291219,Aeroespacial
607,1375346702,Mecánica
608,2198609134,Aeroespacial
609,681737693,Química
610,1153529168,Aeroespacial
611,1817498258,Mecánica
612,1115322564,Aeroespacial
613,1115979182,Mecánica
614,1945934164,Telecomunicaciones
615,1567382796,Mecánica
616,634074311,Informática
617,442579092,Mecánica
618,1119142437,Informática
619,1839194001,Electrónica
620,2158588059,Mecánica
621,969940793,Telecomunicaciones
622,1709139954,Telecomunicaciones
623,828413515,Electrónica
624,1868346989,Aeroespacial
625,1789690744,Informática
626,701550482,Informática
627,780307735,Mecánica
628,1898126525,Aeroespacial
629,1444340836,Informática
630,615121642,Química
631,1640747599,Mecánica
632,734770138,Química
633,147286741,Aeroespacial
634,1281818147,Aeroespacial
635,940677635,Electrónica
636,645415664,Informática
637,1809906979,Electrónica
638,1566025037,Mecánica
639,1474572525,Aeroespacial
640,1480107942,Aeroespacial
641,2428705888,Electrónica
642,1276300389,Electrónica
643,1289702958,Química
644,1338871612,Mecánica
645,126999991,Mecánica
646,2447341408,Química
647,206969113,Telecomunicaciones
648,419708728,Informática
649,1720667447,Informática
650,2088620994,Mecánica
651,404241353,Química
652,2395794110,Química
653,1522926374,Mecánica
654,2164507483,Aeroespacial
655,2423325647,Informática
656,923139167,Mecánica
657,1717151388,Química
658,761528147,Electrónica
659,377971415,Química
660,1656919343,Electrónica
661,1703612156,Electrónica
662,717890921,Electrónica
663,290367132,Aeroespacial
664,665857919,Aeroespacial
665,225906978,Química
666,729316036,Electrónica
667,1569683844,Química
668,761591414,Informática
669,1435556626,Informática
670,1930319115,Electrónica
671,1825541414,Mecánica
672,884215647,Informática
673,403149794,Aeroespacial
674,2226859456,Química
675,2494428374,Mecánica
676,722904567,Electrónica
677,2064014834,Mecánica
678,251337722,Química
679,763488016,Aeroespacial
680,2067688973,Aeroespacial
681,792432736,Informática
682,1180106084,Química
683,601273053,Aeroespacial
684,2082962660,Informática
685,515284135,Telecomunicaciones
686,2192790001,Informática
687,673402668,Telecomunicaciones
688,1749533042,Química
689,125924386,Electrónica
690,1036739152,Telecomunicaciones
691,1686134174,Electrónica
692,1828671004,Mecánica
693,2499126695,Informática
694,1746386198,Química
695,1966251820,Electrónica
696,2340880056,Electrónica
697,1963400211,Mecánica
698,1206187640,Química
699,1432815613,Química
700,1782907679,Mecánica
701,791184242,Química
702,1210943289,Informática
703,369368711,Electrónica
704,756346898,Informática
705,1081424981,Mecánica
706,988321674,Química
707,2193303165,Informática
708,1271765930,Informática
709,374298523,Informática
710,2287522022,Telecomunicaciones
711,663317261,Química
712,1355381318,Química
713,1202876959,Mecánica
714,2341717556,Química
715,2081432050,Aeroespacial
716,2490720558,Aeroespacial
717,384496870,Aeroespacial
718,399181919,Telecomunicaciones
719,298094787,Informática
720,712563068,Química
721,1096703902,Aeroespacial
722,2332342858,Electrónica
723,431089253,Mecánica
724,2292830245,Química
725,769036528,Química
726,1700594547,Aeroespacial
727,896885100,Aeroespacial
728,518660552,Aeroespacial
729,1129443875,Informática
730,985505967,Aeroespacial
731,538396167,Informática
732,2152286089,Telecomunicaciones
733,520868839,Química
734,587772970,Mecánica
735,943587470,Aeroespacial
736,2058701258,Mecánica
737,2247879552,Mecánica
738,1869661906,Química
739,1536103567,Informática
740,862510222,Química
741,2417835430,Química
742,2409606819,Aeroespacial
743,199062706,Informática
744,1661359367,Telecomunicaciones
745,412835832,Informática
746,2428118249,Informática
747,2259242782,Electrónica
748,2147151260,Mecánica
749,222602707,Química
750,2256450391,Telecomunicaciones
751,1606506092,Telecomunicaciones
752,1629505060,Aeroespacial
753,2046898112,Mecánica
754,732607047,Mecánica
755,2476614173,Aeroespacial
756,1817969746,Electrónica
757,1674033317,Informática
758,2217265410,Aeroespacial
759,1812369928,Electrónica
760,741201395,Electrónica
761,201346697,Aeroespacial
762,146540945,Informática
763,262734685,Química
764,1123195690,Aeroespacial
765,1115152898,Mecánica
766,636079145,Telecomunicaciones
767,634489528,Química
768,1494188936,Telecomunicaciones
769,1261544425,Mecánica
770,2436169549,Telecomunicaciones
771,2494178808,Electrónica
772,1617671028,Aeroespacial
773,1825370485,Química
774,1288343139,Telecomunicaciones
775,970821196,Telecomunicaciones
776,1932857501,Informática
777,1794030773,Informática
778,2050220184,Telecomunicaciones
779,540373922,Mecánica
780,623677139,Aeroespacial
781,2244696677,Química
782,1234568596,Mecánica
783,1560544226,Electrónica
784,2491731064,Química
785,2243488313,Mecánica
786,186337808,Informática
787,2147298329,Mecánica
788,2010491245,Telecomunicaciones
789,112406475,Mecánica
790,1947858187,Química
791,1862955778,Mecánica
792,1434954965,Informática
793,693120188,Aeroespacial
794,300625683,Electrónica
795,2343023825,Informática
796,1326326883,Electrónica
797,803559751,Informática
798,865328991,Electrónica
799,1199794737,Electrónica
800,1743171651,Electrónica
801,391497305,Telecomunicaciones
802,604436631,Telecomunicaciones
803,328842561,Química
804,1237268266,Aeroespacial
805,794450055,Aeroespacial
806,921971110,Informática
807,2172365107,Telecomunicaciones
808,2229515156,Química
809,212796554,Aeroespacial
810,1679580283,Mecánica
811,2311163776,Aeroespacial
812,2204249222,Informática
813,2347904381,Aeroespacial
814,2102545453,Electrónica
815,2281098361,Química
816,1702693602,Aeroespacial
817,2075100900,Electrónica
818,1628091757,Mecánica
819,1611479836,Telecomunicaciones
820,2221839711,Química
821,646083768,Informática
822,485710086,Aeroespacial
823,1730730940,Informática
824,2421772667,Mecánica
825,2063732683,Informática
826,1076856286,Informática
827,931390788,Telecomunicaciones
828,1333630708,Informática
829,2130080207,Mecánica
830,2043410047,Aeroespacial
831,377647668,Electrónica
832,952022761,Telecomunicaciones
833,133089699,Aeroespacial
834,1642418511,Química
835,583045453,Química
836,973872797,Química
837,359862403,Mecánica
838,995959428,Química
839,1767948107,Aeroespacial
840,2097716796,Aeroespacial
841,1523160976,Electrónica
842,1117636088,Telecomunicaciones
843,806905636,Telecomunicaciones
844,1857002715,Aeroespacial
845,2029196418,Electrónica
846,1097647927,Informática
847,549444718,Informática
848,1562112248,Informática
849,714465123,Telecomunicaciones
850,1267974399,Telecomunicaciones
851,1309818359,Aeroespacial
852,1261860457,Telecomunicaciones
853,817192756,Electrónica
854,792154053,Electrónica
855,1971526135,Electrónica
856,994641842,Telecomunicaciones
857,1095173558,Electrónica
858,2139044017,Telecomunicaciones
859,2385627746,Informática
860,2363933970,Mecánica
861,811657294,Telecomunicaciones
862,2209347431,Electrónica
863,1588727230,Aeroespacial
864,1323748046,Informática
865,1000684911,Mecánica
866,2097714191,Química
867,1579208661,Mecánica
868,1349671781,Mecánica
869,2301327387,Aeroespacial
870,911845405,Informática
871,1166214856,Telecomunicaciones
872,748870897,Telecomunicaciones
873,1795340343,Química
874,1663858092,Electrónica
875,188819026,Aeroespacial
876,1579238727,Electrónica
877,2384742938,Electrónica
878,146091948,Química
879,2234527028,Electrónica
880,2111724420,Electrónica
881,2183626371,Electrónica
882,2290700173,Electrónica
883,1112790553,Informática
884,1209933158,Informática
885,1788479684,Informática
886,445384208,Mecánica
887,2009390915,Aeroespacial
888,724595088,Informática
889,2195511121,Mecánica
890,1595400448,Electrónica
891,1540737864,Telecomunicaciones
892,1634231240,Telecomunicaciones
893,1043987685,Electrónica
894,209541537,Electrónica
895,2497672366,Mecánica
896,1356871844,Aeroespacial
897,394216218,Informática
898,1590219816,Mecánica
899,1331006591,Informática
900,2242166185,Química
901,1881057516,Electrónica
902,2237845574,Electrónica
903,677996107,Informática
904,2223800753,Telecomunicaciones
905,393869695,Electrónica
906,261899741,Telecomunicaciones
907,574429897,Mecánica
908,152672216,Electrónica
909,602908535,Informática
910,1324029236,Mecánica
911,1845316171,Aeroespacial
912,1023622305,Aeroespacial
913,1278155043,Telecomunicaciones
914,143475549,Química
915,225314239,Aeroespacial
916,2449431475,Mecánica
917,1864140243,Química
918,1144186601,Informática
919,1305090888,Telecomunicaciones
920,2038866011,Química
921,2007496563,Informática
922,642536186,Aeroespacial
923,1715679114,Mecánica
924,2349608802,Química
925,316930966,Telecomunicaciones
926,512107838,Telecomunicaciones
927,147042263,Electrónica
928,2398173204,Mecánica
929,2109003560,Informática
930,2077093800,Mecánica
931,398997962,Mecánica
932,2227554336,Telecomunicaciones
933,1843665637,Mecánica
934,2481161023,Aeroespacial
935,1836223193,Electrónica
936,211834852,Telecomunicaciones
937,1760112822,Electrónica
938,1633569771,Informática
939,308112836,Electrónica
940,767487543,Mecánica
941,1944045642,Informática
942,402079505,Química
943,1266047806,Aeroespacial
944,1896883466,Electrónica
945,2228354790,Química
946,2050870496,Química
947,2308991171,Telecomunicaciones
948,760191150,Aeroespacial
949,561354707,Mecánica
950,2148265319,Química
951,2401186610,Electrónica
952,720908090,Mecánica
953,1629486374,Electrónica
954,969353122,Informática
955,2169368202,Aeroespacial
956,684201041,Aeroespacial
957,976873158,Química
958,994128669,Electrónica
959,251740925,Aeroespacial
960,1420901351,Electrónica
961,2132633115,Mecánica
962,1874510121,Mecánica
963,833612586,Aeroespacial
964,340063700,Electrónica
965,112302942,Electrónica
966,1562448172,Informática
967,2402469552,Aeroespacial
968,1890754918,Electrónica
969,247020546,Telecomunicaciones
970,732333993,Telecomunicaciones
971,245177071,Informática
972,2465138676,Aeroespacial
973,2207163232,Electrónica
974,2146364793,Telecomunicaciones
975,1839568835,Mecánica
976,149103664,Electrónica
977,904321978,Aeroespacial
978,1499155185,Aeroespacial
979,1809421779,Informática
980,1403221483,Informática
981,2149181188,Aeroespacial
982,1281071994,Mecánica
983,1462042885,Electrónica
984,281928517,Mecánica
985,538201312,Informática
986,427085188,Mecánica
987,1971084162,Telecomunicaciones
988,995404837,Mecánica
989,684902584,Mecánica
990,442381169,Aeroespacial
991,339999803,Mecánica
992,2037348339,Informática
993,1882381138,Química
994,390540494,Informática
995,1021495227,Aeroespacial
996,1412810959,Telecomunicaciones
997,1885343191,Electrónica
998,1734745511,Telecomunicaciones
999,697502383,Electrónica
1000,811387992,Electrónica
1001,2424598602,Informática
1002,1137263336,Informática
1003,1125546741,Química
1004,483152221,Electrónica
1005,1415728051,Aeroespacial
1006,1979251809,Aeroespacial
1007,816381411,Electrónica
1008,835548302,Mecánica
1009,962924099,Química
1010,1956252126,Electrónica
1011,2466499618,Telecomunicaciones
1012,358936928,Electrónica
1013,967943508,Mecánica
1014,1476360878,Electrónica
1015,808207296,Mecánica
1016,1064811696,Telecomunicaciones
1017,730190151,Telecomunicaciones
1018,2325786671,Aeroespacial
1019,207142542,Electrónica
1020,1289824964,Informática
1021,1452839037,Mecánica
1022,1412363277,Mecánica
1023,535806299,Electrónica
1024,730367412,Mecánica
1025,1002912846,Aeroespacial
1026,2012361608,Mecánica
1027,416681779,Química
1028,1118739255,Telecomunicaciones
1029,1263795735,Aeroespacial
1030,771473008,Química
1031,695533155,Informática
1032,2124165200,Electrónica
1033,224330194,Aeroespacial
1034,552557783,Mecánica
1035,1603744676,Telecomunicaciones
1036,1790663165,Telecomunicaciones
1037,1718297019,Informática
1038,667838105,Informática
1039,127668281,Química
1040,2280307951,Electrónica
1041,1017931375,Química
1042,485235732,Telecomunicaciones
1043,1461810585,Electrónica
1044,775887517,Informática
1045,1395643057,Química
1046,1515027361,Química
1047,214141633,Informática
1048,2036369666,Química
1049,299457564,Química
1050,2410181133,Electrónica
1051,1171410015,Telecomunicaciones
1052,1470748978,Química
1053,2486599870,Electrónica
1054,689764371,Química
1055,123883335,Aeroespacial
1056,499013369,Química
1057,2083224421,Aeroespacial
1058,403090807,Mecánica
1059,2200077614,Electrónica
1060,1049760837,Aeroespacial
1061,1871407735,Informática
1062,303090115,Química
1063,1990328789,Química
1064,1993862726,Aeroespacial
1065,1805618568,Química
1066,1335549902,Electrónica
1067,235254542,Química
1068,1285635681,Mecánica
1069,1690954439,Mecánica
1070,1946924756,Química
1071,380636222,Telecomunicaciones
1072,1109034999,Telecomunicaciones
1073,358236030,Aeroespacial
1074,2455979524,Mecánica
1075,2432479144,Informática
1076,1838411248,Mecánica
1077,2010254338,Mecánica
1078,642913566,Telecomunicaciones
1079,1328630774,Química
1080,1957352414,Electrónica
1081,640801656,Telecomunicaciones
1082,630918207,Informática
1083,1853555642,Química
1084,1528186786,Mecánica
1085,352848512,Aeroespacial
1086,1411345103,Mecánica
1087,970990223,Electrónica
1088,398392960,Informática
1089,1577288837,Informática
1090,940358864,Aeroespacial
1091,412080742,Química
1092,1513739424,Química
1093,593771620,Electrónica
1094,376956923,Aeroespacial
1095,746280088,Informática
1096,2410355853,Química
1097,1735972617,Electrónica
1098,681505666,Química
1099,1362590406,Informática
1100,1013064325,Telecomunicaciones
1101,2201470399,Electrónica
1102,686254663,Aeroespacial
1103,1737238608,Electrónica
1104,2144838736,Electrónica
1105,1140398506,Química
1106,1923378121,Mecánica
1107,1238721280,Electrónica
1108,2013740327,Informática
1109,1423139723,Electrónica
1110,732233035,Informática
1111,2278823843,Telecomunicaciones
1112,2457353309,Aeroespacial
1113,238112154,Aeroespacial
1114,2347092688,Química
1115,754270610,Mecánica
1116,1481892146,Mecánica
1117,2166346806,Electrónica
1118,1242454639,Electrónica
1119,600810436,Electrónica
1120,1737909774,Aeroespacial
1121,110179799,Telecomunicaciones
1122,1646431889,Informática
1123,1675295579,Telecomunicaciones
1124,1184032002,Informática
1125,877239360,Mecánica
1126,1179967833,Informática
1127,1890427343,Aeroespacial
1128,1510241309,Electrónica
1129,1998673387,Telecomunicaciones
1130,2234259331,Electrónica
1131,256597550,Aeroespacial
1132,2315984822,Informática
1133,1411324358,Mecánica
1134,1548149758,Electrónica
1135,962256179,Telecomunicaciones
1136,273731025,Aeroespacial
1137,2123386548,Informática
1138,1058750651,Telecomunicaciones
1139,874523480,Mecánica
1140,1128362474,Telecomunicaciones
1141,1294562392,Electrónica
1142,971980830,Química
1143,2401242370,Química
1144,2061952233,Electrónica
1145,856578184,Informática
1146,774746462,Telecomunicaciones
1147,2136064249,Química
1148,181860996,Electrónica
1149,2407180729,Aeroespacial
1150,835102379,Química
1151,209535591,Telecomunicaciones
1152,2011531865,Electrónica
1153,2376805811,Telecomunicaciones
1154,1999596519,Aeroespacial
1155,1713797863,Mecánica
1156,1005725661,Informática
1157,1759864798,Informática
1158,1398321481,Telecomunicaciones
1159,2112804153,Química
1160,1419609777,Química
1161,1346905756,Mecánica
1162,1654688358,Química
1163,2396475828,Informática
1164,1266642163,Informática
1165,2004545006,Química
1166,1621125869,Mecánica
1167,802700611,Aeroespacial
1168,1268587710,Mecánica
1169,1300085186,Informática
1170,115278526,Mecánica
1171,351592621,Electrónica
1172,1114106846,Electrónica
1173,2032455655,Informática
1174,2354812707,Química
1175,2112468375,Informática
1176,1218240363,Telecomunicaciones
1177,921802919,Telecomunicaciones
1178,1857270870,Aeroespacial
1179,1306997150,Química
1180,2329646903,Aeroespacial
1181,2125027220,Electrónica
1182,1437412790,Informática
1183,2250729972,Mecánica
1184,2005998535,Química
1185,1230258941,Aeroespacial
1186,1521583971,Aeroespacial
1187,1914519725,Mecánica
1188,521424728,Telecomunicaciones
1189,1412442604,Telecomunicaciones
1190,2231837483,Informática
1191,521237756,Aeroespacial
1192,123191949,Informática
1193,1893903906,Telecomunicaciones
1194,235179873,Aeroespacial
1195,778141120,Mecánica
1196,1337602855,Química
1197,1200887912,Informática
1198,480139965,Química
1199,1738491315,Mecánica
1200,689410098,Electrónica
1201,1100358948,Mecánica
1202,988711048,Química
1203,2010490672,Informática
1204,936905603,Mecánica
1205,217351195,Aeroespacial
1206,1456459492,Aeroespacial
1207,2440034015,Mecánica
1208,1602169733,Informática
1209,1149750613,Mecánica
1210,1067503000,Telecomunicaciones
1211,1042969632,Electrónica
1212,1585208754,Mecánica
1213,798329952,Telecomunicaciones
1214,1254651997,Informática
1215,2018237975,Química
1216,2431676784,Telecomunicaciones
1217,724012810,Mecánica
1218,1590092057,Electrónica
1219,2173322050,Telecomunicaciones
1220,2375587907,Mecánica
1221,149515862,Informática
1222,1332109975,Aeroespacial
1223,466083002,Informática
1224,1391585426,Química
1225,1227823185,Telecomunicaciones
1226,2289084130,Informática
1227,166844237,Telecomunicaciones
1228,1801075549,Electrónica
1229,2334158631,Mecánica
1230,479930778,Informática
1231,941005365,Aeroespacial
1232,2396950477,Telecomunicaciones
1233,2328723464,Informática
1234,1882758685,Informática
1235,775607917,Química
1236,1773474049,Aeroespacial
1237,2016391062,Electrónica
1238,182945804,Telecomunicaciones
1239,2455955823,Telecomunicaciones
1240,2041551844,Mecánica
1241,1245335406,Electrónica
1242,1562659676,Aeroespacial
1243,947460540,Mecánica
1244,1884152575,Informática
1245,1651679969,Informática
1246,1910370907,Aeroespacial
1247,852857178,Mecánica
1248,644010322,Electrónica
1249,471999348,Informática
1250,1901818263,Informática
1251,2482815499,Electrónica
1252,1851920428,Informática
1253,693752500,Química
1254,1811650256,Electrónica
1255,2317476253,Electrónica
1256,937208652,Electrónica
1257,763488226,Telecomunicaciones
1258,1572520755,Electrónica
1259,529960176,Electrónica
1260,566466428,Electrónica
1261,889773929,Mecánica
1262,2143022630,Telecomunicaciones
1263,2155850985,Aeroespacial
1264,1447132566,Electrónica
1265,1721872051,Telecomunicaciones
1266,550536734,Mecánica
1267,1951006822,Telecomunicaciones
1268,757509178,Aeroespacial
1269,1628998051,Informática
1270,2075089368,Aeroespacial
1271,1426748134,Química
1272,1242833844,Aeroespacial
1273,1658316500,Química
1274,2449598965,Informática
1275,522418522,Mecánica
1276,2129114022,Aeroespacial
1277,2206420605,Telecomunicaciones
1278,2218804679,Mecánica
1279,580430535,Mecánica
1280,1886723899,Electrónica
1281,1811359715,Electrónica
1282,1272370852,Química
1283,795811001,Aeroespacial
1284,1905131184,Electrónica
1285,1545771738,Mecánica
1286,1152516399,Telecomunicaciones
1287,2381335252,Química
1288,1288991045,Informática
1289,2095739608,Mecánica
1290,2233938410,Electrónica
1291,1131288551,Telecomunicaciones
1292,1596597934,Aeroespacial
1293,1781423126,Informática
1294,639023425,Aeroespacial
1295,855166252,Telecomunicaciones
1296,2425997160,Aeroespacial
1297,2125271606,Química
1298,1062113768,Telecomunicaciones
1299,2031697208,Mecánica
1300,1219833999,Aeroespacial
1301,1701584139,Telecomunicaciones
1302,1730946288,Informática
1303,1550353976,Química
1304,2048847679,Informática
1305,1029844927,Telecomunicaciones
1306,1734002747,Informática
1307,1098309444,Telecomunicaciones
1308,1881736686,Aeroespacial
1309,2030462896,Telecomunicaciones
1310,940034585,Aeroespacial
1311,852318032,Telecomunicaciones
1312,2305854841,Informática
1313,727668608,Informática
1314,1514281153,Telecomunicaciones
1315,872702077,Aeroespacial
1316,1369053432,Informática
1317,1196982667,Informática
1318,415352521,Química
1319,1871729319,Aeroespacial
1320,2205070485,Informática
1321,2499461578,Aeroespacial
1322,2375243447,Electrónica
1323,399465968,Informática
1324,757327613,Electrónica
1325,2050503731,Electrónica
1326,818244203,Aeroespacial
1327,759788264,Mecánica
1328,1833529699,Aeroespacial
1329,1263305466,Electrónica
1330,294296866,Telecomunicaciones
1331,259670295,Informática
1332,1506113395,Telecomunicaciones
1333,2099737690,Química
1334,2416649245,Química
1335,851164457,Telecomunicaciones
1336,2260439101,Aeroespacial
1337,583810356,Informática
1338,2088565006,Electrónica
1339,550536097,Aeroespacial
1340,2078509855,Química
1341,966177732,Electrónica
1342,584515652,Química
1343,2329668850,Química
1344,1414964055,Química
1345,338835268,Telecomunicaciones
1346,834696605,Electrónica
1347,1531672481,Química
1348,1719748232,Aeroespacial
1349,214807946,Informática
1350,133470840,Mecánica
1351,656160304,Aeroespacial
1352,799811297,Telecomunicaciones
1353,156702309,Química
1354,1182413553,Electrónica
1355,585061825,Química
1356,1030536161,Química
1357,1780658903,Telecomunicaciones
1358,1492267144,Telecomunicaciones
1359,1077758278,Mecánica
1360,372030905,Electrónica
1361,248970941,Informática
1362,309865534,Electrónica
1363,1398199125,Aeroespacial
1364,1144788509,Informática
1365,1338969111,Electrónica
1366,2403218874,Química
1367,2131404530,Informática
1368,1240434027,Telecomunicaciones
1369,1261624226,Telecomunicaciones
1370,2201814640,Informática
1371,2462775652,Electrónica
1372,333970781,Química
1373,1002388556,Química
1374,1793260642,Informática
1375,2243126118,Electrónica
1376,658828177,Telecomunicaciones
1377,1475836345,Aeroespacial
1378,957776502,Aeroespacial
1379,1220770080,Telecomunicaciones
1380,2247025345,Química
1381,1073043822,Química
1382,752675095,Informática
1383,334887063,Informática
1384,1126706204,Mecánica
1385,2295591273,Informática
1386,1636804985,Telecomunicaciones
1387,2404205031,Aeroespacial
1388,777313072,Química
1389,2317557156,Química
1390,530088695,Mecánica
1391,202952618,Telecomunicaciones
1392,2150823377,Aeroespacial
1393,2001486049,Telecomunicaciones
1394,784663616,Aeroespacial
1395,1761972616,Informática
1396,1075072122,Telecomunicaciones
1397,2357282380,Química
1398,1632468155,Informática
1399,1623122579,Telecomunicaciones
1400,2054077377,Electrónica
1401,833433056,Aeroespacial
1402,2135703879,Mecánica
1403,1922943673,Informática
1404,1170312419,Mecánica
1405,1222333915,Informática
1406,752353393,Telecomunicaciones
1407,2052328601,Informática
1408,1696698052,Aeroespacial
1409,755201676,Informática
1410,659751098,Mecánica
1411,1473807229,Aeroespacial
1412,1588702539,Mecánica
1413,1280698504,Mecánica
1414,2327675868,Electrónica
1415,919529601,Electrónica
1416,1019428125,Electrónica
1417,808729144,Telecomunicaciones
1418,1572946030,Informática
1419,469550771,Mecánica
1420,603997581,Mecánica
1421,586614850,Electrónica
1422,1786214500,Electrónica
1423,2124027697,Electrónica
1424,474734656,Mecánica
1425,1890647384,Mecánica
1426,939791826,Mecánica
1427,1643092438,Aeroespacial
1428,1894776967,Informática
1429,1095403254,Aeroespacial
1430,1278616141,Informática
1431,1312169754,Aeroespacial
1432,1318928183,Aeroespacial
1433,1214752434,Informática
1434,646274441,Telecomunicaciones
1435,280232689,Química
1436,1729750230,Mecánica
1437,2437284229,Informática
1438,2079719668,Informática
1439,682507821,Electrónica
1440,379757378,Informática
1441,1204696692,Informática
1442,1072517317,Química
1443,2128208928,Química
1444,1570472943,Aeroespacial
1445,1257175959,Aeroespacial
1446,1239367234,Telecomunicaciones
1447,128593692,Telecomunicaciones
1448,1585858628,Química
1449,1919024905,Telecomunicaciones
1450,1625006840,Aeroespacial
1451,1643821250,Electrónica
1452,576208024,Electrónica
1453,2425709021,Química
1454,2426251185,Mecánica
1455,1977948153,Química
1456,1140637276,Química
1457,182232470,Telecomunicaciones
1458,1576870041,Aeroespacial
1459,1783937396,Telecomunicaciones
1460,773641551,Telecomunicaciones
1461,1596681546,Telecomunicaciones
1462,853415506,Informática
1463,1697619617,Aeroespacial
1464,2467709696,Electrónica
1465,2295039949,Química
1466,330663360,Electrónica
1467,663350877,Informática
1468,326607437,Telecomunicaciones
1469,1342287058,Mecánica
1470,2386177435,Telecomunicaciones
1471,239558634,Telecomunicaciones
1472,1385453865,Informática
1473,1676021672,Electrónica
1474,230550740,Química
1475,1671037861,Mecánica
1476,1472262421,Electrónica
1477,1886064193,Química
1478,1840845484,Química
1479,832493156,Mecánica
1480,288492358,Electrónica
1481,2359966670,Mecánica
1482,1878768777,Química
1483,863486158,Mecánica
1484,1143408396,Mecánica
1485,122827383,Química
1486,1868144009,Mecánica
1487,1136041205,Mecánica
1488,2212731015,Química
1489,2424367332,Química
1490,714133780,Informática
1491,386703415,Aeroespacial
1492,2307646055,Informática
1493,857441118,Química
1494,2446939497,Telecomunicaciones
1495,986152236,Mecánica
1496,1081010219,Mecánica
1497,1058000230,Electrónica
1498,1119001669,Electrónica
1499,719244679,Informática
1500,622411760,Telecomunicaciones
1501,1791591608,Electrónica
1502,2245837090,Electrónica
1503,2242402748,Química
1504,726212209,Química
1505,1916182359,Aeroespacial
1506,2487365976,Mecánica
1507,467961089,Electrónica
1508,574016677,Química
1509,2337475073,Electrónica
1510,245546089,Electrónica
1511,1477460005,Aeroespacial
1512,1544053903,Telecomunicaciones
1513,1593508786,Informática
1514,1649221083,Telecomunicaciones
1515,1560369073,Mecánica
1516,1970632646,Química
1517,978117124,Electrónica
1518,1598901859,Química
1519,465354843,Telecomunicaciones
1520,1163622927,Química
1521,2477169692,Informática
1522,312706605,Informática
1523,1929181075,Mecánica
1524,2230723043,Aeroespacial
1525,1651924309,Electrónica
1526,1395258078,Química
1527,611493953,Informática
1528,1908619166,Telecomunicaciones
1529,2238273609,Química
1530,1984966441,Mecánica
1531,1425301879,Electrónica
1532,341810859,Química
1533,428028449,Química
1534,1174712779,Química
1535,227801963,Aeroespacial
1536,1935498583,Química
1537,1996245846,Electrónica
1538,2459594295,Mecánica
1539,118999939,Electrónica
1540,269996092,Telecomunicaciones
1541,1601691805,Electrónica
1542,1175906202,Informática
1543,536930396,Mecánica
1544,1749095744,Telecomunicaciones
1545,1052569560,Mecánica
1546,2419878147,Electrónica
1547,2121128467,Telecomunicaciones
1548,2438908639,Informática
1549,1976333552,Mecánica
1550,2157667479,Informática
1551,1138852601,Telecomunicaciones
1552,1272014295,Aeroespacial
1553,1624003053,Química
1554,2412202718,Telecomunicaciones
1555,1098193223,Telecomunicaciones
1556,432604955,Química
1557,1129911735,Química
1558,1616413573,Mecánica
1559,477129203,Electrónica
1560,1274868120,Química
1561,1512559394,Electrónica
1562,1590574696,Electrónica
1563,1582534878,Química
1564,590817172,Mecánica
1565,1832014215,Electrónica
1566,2032235895,Electrónica
1567,1053440588,Aeroespacial
1568,862884071,Aeroespacial
1569,2472223488,Informática
1570,837021056,Mecánica
1571,1811961379,Informática
1572,382763277,Telecomunicaciones
1573,1370346234,Aeroespacial
1574,2110218366,Química
1575,1697636269,Telecomunicaciones
1576,1451049791,Química
1577,1809699373,Mecánica
1578,519039618,Mecánica
1579,1865364421,Aeroespacial
1580,523252193,Mecánica
1581,157688265,Informática
1582,706455543,Aeroespacial
1583,1459374005,Aeroespacial
1584,537402736,Mecánica
1585,1890173361,Mecánica
1586,425713577,Aeroespacial
1587,1237944764,Electrónica
1588,2130345123,Aeroespacial
1589,171216767,Electrónica
1590,2195218288,Informática
1591,1472523353,Electrónica
1592,1922171549,Química
1593,2232730066,Química
1594,1555784764,Telecomunicaciones
1595,1549862509,Mecánica
1596,1934877954,Aeroespacial
1597,494709231,Telecomunicaciones
1598,423266409,Electrónica
1599,898026868,Informática
1600,2204491916,Mecánica
1601,1657110664,Informática
1602,1419333589,Telecomunicaciones
1603,1306146960,Química
1604,720752688,Informática
1605,1903652414,Mecánica
1606,544374737,Electrónica
1607,789023708,Aeroespacial
1608,1380200363,Aeroespacial
1609,223760833,Aeroespacial
1610,484464088,Telecomunicaciones
1611,650160754,Electrónica
1612,1399747780,Informática
1613,1650598746,Electrónica
1614,512451567,Informática
1615,1924502762,Aeroespacial
1616,483517061,Telecomunicaciones
1617,869843933,Aeroespacial
1618,1334603360,Aeroespacial
1619,1466117168,Informática
1620,956635423,Aeroespacial
1621,1016464038,Aeroespacial
1622,679177551,Aeroespacial
1623,988766903,Informática
1624,649095022,Química
1625,938867437,Aeroespacial
1626,1478452902,Informática
1627,1393050366,Electrónica
1628,1344031351,Química
1629,1213242011,Química
1630,1022119846,Electrónica
1631,492775832,Electrónica
1632,556764965,Química
1633,1847267221,Mecánica
1634,653357568,Informática
1635,694868539,Mecánica
1636,1603824876,Electrónica
1637,741616245,Electrónica
1638,1832263387,Aeroespacial
1639,1171829395,Aeroespacial
1640,1930336008,Mecánica
1641,307751636,Mecánica
1642,1417065758,Informática
1643,1732312417,Informática
1644,1210290251,Telecomunicaciones
1645,2143275100,Mecánica
1646,1499112515,Química
1647,1299876306,Telecomunicaciones
1648,109545527,Electrónica
1649,569475771,Química
1650,1176165278,Telecomunicaciones
1651,1468939250,Química
1652,2343953590,Aeroespacial
1653,1104710615,Aeroespacial
1654,1485001422,Informática
1655,1948495508,Aeroespacial
1656,876861335,Informática
1657,222480282,Mecánica
1658,161983191,Telecomunicaciones
1659,1120193315,Mecánica
1660,1521580482,Química
1661,1797874580,Aeroespacial
1662,1863151284,Mecánica
1663,2407470281,Electrónica
1664,1612214278,Química
1665,2345090150,Mecánica
1666,1275350598,Mecánica
1667,1676223647,Aeroespacial
1668,1797758322,Mecánica
1669,1806577307,Informática
1670,444496964,Informática
1671,1785475365,Mecánica
1672,2100348085,Mecánica
1673,1776717262,Electrónica
1674,701392013,Telecomunicaciones
1675,1207523344,Aeroespacial
1676,1689328354,Informática
1677,1465338300,Aeroespacial
1678,1523599944,Aeroespacial
1679,466655445,Informática
1680,1493450236,Química
1681,1650295869,Aeroespacial
1682,997818285,Aeroespacial
1683,245292539,Mecánica
1684,2339405726,Telecomunicaciones
1685,205075892,Química
1686,1149964448,Electrónica
1687,1318900232,Informática
1688,636960823,Mecánica
1689,747634731,Electrónica
1690,1407283552,Aeroespacial
1691,938554943,Electrónica
1692,1338295140,Electrónica
1693,850549805,Química
1694,1400454780,Mecánica
1695,404375842,Informática
1696,2434400689,Electrónica
1697,1949032579,Informática
1698,1201172107,Química
1699,978032511,Informática
1700,2404628368,Aeroespacial
1701,814013482,Química
1702,2013156340,Química
1703,1353748790,Informática
1704,911581826,Mecánica
1705,522750274,Telecomunicaciones
1706,1307192543,Aeroespacial
1707,1510989616,Telecomunicaciones
1708,1761731715,Telecomunicaciones
1709,937125722,Mecánica
1710,896107474,Telecomunicaciones
1711,648634026,Electrónica
1712,1021956113,Química
1713,1152743873,Mecánica
1714,2037288916,Mecánica
1715,158065313,Mecánica
1716,1462604337,Telecomunicaciones
1717,2204364071,Informática
1718,2071713817,Informática
1719,1913183167,Telecomunicaciones
1720,812572872,Aeroespacial
1721,341431820,Aeroespacial
1722,807048201,Química
1723,2012757097,Informática
1724,1262257134,Aeroespacial
1725,1052095724,Mecánica
1726,1005015195,Informática
1727,2150744690,Mecánica
1728,496679825,Telecomunicaciones
1729,558382221,Química
1730,608708582,Telecomunicaciones
1731,1109637381,Química
1732,193450062,Informática
1733,1401391464,Informática
1734,1216245722,Química
1735,1414892944,Aeroespacial
1736,1369799646,Informática
1737,1058199023,Informática
1738,509671083,Informática
1739,1844481616,Informática
1740,2157545590,Mecánica
1741,1216502223,Telecomunicaciones
1742,1573853481,Mecánica
1743,1668570121,Mecánica
1744,789797224,Informática
1745,2478522899,Aeroespacial
1746,743605298,Electrónica
1747,1313360303,Mecánica
1748,1423823209,Telecomunicaciones
1749,577403761,Electrónica
1750,996252304,Informática
1751,1851691145,Aeroespacial
1752,1591448936,Aeroespacial
1753,379486073,Química
1754,801641884,Química
1755,741711240,Aeroespacial
1756,973415414,Telecomunicaciones
1757,1011200226,Química
1758,246743400,Aeroespacial
1759,1060685320,Aeroespacial
1760,1988895147,Telecomunicaciones
1761,299167027,Química
1762,545264197,Química
1763,1865325392,Química
1764,878899189,Informática
1765,1990402552,Electrónica
1766,546134418,Química
1767,1219867026,Informática
1768,680221353,Mecánica
1769,1863555509,Telecomunicaciones
1770,561092369,Telecomunicaciones
1771,1648900208,Informática
1772,1844247405,Electrónica
1773,1299288086,Electrónica
1774,753531321,Telecomunicaciones
1775,2286517692,Informática
1776,926766422,Química
1777,1600189909,Química
1778,102089885,Informática
1779,1268452879,Química
1780,1652101234,Química
1781,435744452,Telecomunicaciones
1782,992434223,Telecomunicaciones
1783,900069254,Química
1784,613593981,Mecánica
1785,1378705199,Telecomunicaciones
1786,1021477654,Informática
1787,894472563,Mecánica
1788,2316193989,Aeroespacial
1789,555281736,Química
1790,332950889,Química
1791,1439164177,Mecánica
1792,1326297010,Aeroespacial
1793,208533428,Telecomunicaciones
1794,1046671714,Electrónica
1795,1692541135,Informática
1796,2194648970,Electrónica
1797,1337317374,Aeroespacial
1798,1584014087,Telecomunicaciones
1799,847925154,Mecánica
1800,1268319803,Química
1801,1536536662,Aeroespacial
1802,575906210,Mecánica
1803,1490022960,Telecomunicaciones
1804,1449032640,Química
1805,2331127556,Mecánica
1806,2024113895,Química
1807,2473042501,Mecánica
1808,1571249640,Química
1809,551094865,Informática
1810,688547512,Mecánica
1811,963272546,Química
1812,2302804355,Telecomunicaciones
1813,140914650,Aeroespacial
1814,2438899548,Informática
1815,1759042001,Informática
1816,1298534004,Telecomunicaciones
1817,2356302061,Informática
1818,1756577644,Mecánica
1819,2447622829,Química
1820,1303928301,Aeroespacial
1821,2477732503,Telecomunicaciones
1822,1339561466,Mecánica
1823,222407397,Informática
1824,1056216044,Telecomunicaciones
1825,1386845888,Telecomunicaciones
1826,1349802927,Aeroespacial
1827,1252460914,Electrónica
1828,1853427255,Informática
1829,1354976551,Telecomunicaciones
1830,2479603570,Química
1831,574106218,Telecomunicaciones
1832,2264311191,Química
1833,529046868,Electrónica
1834,130545309,Química
1835,492392638,Aeroespacial
1836,512569380,Telecomunicaciones
1837,820410480,Informática
1838,1430569767,Telecomunicaciones
1839,1258741299,Aeroespacial
1840,2095688947,Mecánica
1841,2433979104,Aeroespacial
1842,1060367268,Telecomunicaciones
1843,1082134660,Química
1844,459024424,Aeroespacial
1845,899615443,Mecánica
1846,376345060,Electrónica
1847,2138828684,Telecomunicaciones
1848,1122068233,Mecánica
1849,1380636470,Electrónica
1850,2169193968,Informática
1851,2180586707,Mecánica
1852,630367418,Aeroespacial
1853,2290191052,Informática
1854,1573793754,Química
1855,1138049872,Química
1856,1783937461,Aeroespacial
1857,2070075342,Informática
1858,362359816,Informática
1859,558557643,Telecomunicaciones
1860,1448730478,Aeroespacial
1861,1293092761,Electrónica
1862,2175872215,Mecánica
1863,1352746780,Informática
1864,2161855753,Aeroespacial
1865,514923276,Informática
1866,1171023450,Electrónica
1867,1153614382,Mecánica
1868,1592965007,Química
1869,363351476,Telecomunicaciones
1870,2100282238,Telecomunicaciones
1871,430718833,Informática
1872,2327791217,Química
1873,2475888542,Informática
1874,330448644,Electrónica
1875,2310983529,Telecomunicaciones
1876,1459710845,Informática
1877,753148142,Química
1878,2385522865,Aeroespacial
1879,701832841,Electrónica
1880,478146618,Química
1881,1453657961,Telecomunicaciones
1882,314608038,Aeroespacial
1883,244026570,Química
1884,1586622706,Mecánica
1885,2470780074,Mecánica
1886,1779283165,Informática
1887,779424188,Química
1888,2259242230,Mecánica
1889,211508058,Aeroespacial
1890,1605745529,Telecomunicaciones
1891,1899851485,Informática
1892,615979323,Química
1893,1372971433,Aeroespacial
1894,784343586,Aeroespacial
1895,700035950,Telecomunicaciones
1896,1862726967,Informática
1897,1574199583,Aeroespacial
1898,449899937,Telecomunicaciones
1899,1960933370,Telecomunicaciones
1900,1888419238,Mecánica
1901,1388177008,Química
1902,2177358189,Informática
1903,258176702,Electrónica
1904,2457216237,Química
1905,1651648477,Mecánica
1906,1834928207,Aeroespacial
1907,1764212596,Aeroespacial
1908,1989239282,Mecánica
1909,709194357,Química
1910,1385137705,Química
1911,301157938,Telecomunicaciones
1912,2449088268,Química
1913,2266693767,Informática
1914,433355666,Electrónica
1915,2402468136,Aeroespacial
1916,880412432,Informática
1917,659911976,Química
1918,577041227,Aeroespacial
1919,2291326155,Aeroespacial
1920,462695303,Mecánica
1921,405286658,Telecomunicaciones
1922,993294204,Informática
1923,193741734,Electrónica
1924,2212832493,Química
1925,492018033,Electrónica
1926,935441781,Telecomunicaciones
1927,1889908072,Telecomunicaciones
1928,2419638981,Telecomunicaciones
1929,757048802,Mecánica
1930,1429422931,Aeroespacial
1931,2400333718,Mecánica
1932,1867676597,Mecánica
1933,1399059911,Química
1934,2307951068,Informática
1935,2465347743,Electrónica
1936,993998302,Informática
1937,1362625736,Electrónica
1938,1655469434,Aeroespacial
1939,1347618307,Química
1940,2426906543,Química
1941,1217993582,Telecomunicaciones
1942,1342344390,Informática
1943,2091462868,Telecomunicaciones
1944,2458290096,Informática
1945,1619924629,Informática
1946,1319658157,Mecánica
1947,768367769,Mecánica
1948,413115401,Aeroespacial
1949,2217973860,Mecánica
1950,814627127,Informática
1951,783880569,Química
1952,2161340359,Química
1953,940751512,Telecomunicaciones
1954,1249687708,Informática
1955,667524373,Informática
1956,2007599766,Aeroespacial
1957,2015088705,Química
1958,585674431,Electrónica
1959,2394428923,Mecánica
1960,200215281,Mecánica
1961,1734808827,Química
1962,1662867666,Mecánica
1963,294471282,Informática
1964,2038184674,Electrónica
1965,1469937055,Química
1966,917343645,Informática
1967,1529523903,Informática
1968,2185879225,Mecánica
1969,476852328,Electrónica
1970,1790382785,Electrónica
1971,158409639,Informática
1972,219272993,Informática
1973,849741319,Química
1974,1660990494,Química
1975,874609562,Informática
1976,1026851266,Informática
1977,110965215,Informática
1978,232200430,Química
1979,1686966975,Química
1980,1581843219,Electrónica
1981,769401044,Telecomunicaciones
1982,2196049395,Química
1983,2206248781,Aeroespacial
1984,348233257,Mecánica
1985,848162699,Telecomunicaciones
1986,370353522,Informática
1987,613340392,Mecánica
1988,453720328,Química
1989,639094844,Aeroespacial
1990,1671762973,Química
1991,1956780203,Mecánica
1992,1748183519,Telecomunicaciones
1993,1583007471,Mecánica
1994,1251674970,Química
1995,955175991,Aeroespacial
1996,2466255308,Aeroespacial
1997,1425737950,Informática
1998,892062033,Electrónica
1999,1899214208,Química
